"İsim","Son"," Yüksek"," Düşük","Fark","Fark %","Hac.","Zaman"
"Adel","28,94","29,14","28,80","0,06","0,21%","983,18K","22/10"
"Adese Gayrimenkul","4,190","4,280","3,950","0,260","6,62%","328,74M","22/10"
"Anadolu Efes Biracılık ve Malt Sanayii","14,35","14,64","14,15","0,07","0,49%","68,73M","22/10"
"Afyon Çimento","12,54","12,68","12,39","-0,03","-0,24%","3,6M","22/10"
"Atakule GYO","7,300","7,440","7,300","-0,080","-1,08%","201,01K","22/10"
"Akbank T.A.Ş","57,90","58,65","57,65","0,30","0,52%","107,38M","22/10"
"Akçansa Çimento","130,60","133,70","130,60","-0,50","-0,38%","541,7K","22/10"
"Akenerji","10,050","10,200","10,030","-0,020","-0,20%","4,4M","22/10"
"Akfen GYO","2,510","2,540","2,470","0,010","0,40%","80,51M","22/10"
"AK Sigorta","6,600","6,650","6,570","0,050","0,76%","17,97M","22/10"
"Akmerkez GYO","223,40","225,90","212,40","-0,10","-0,04%","18,57K","22/10"
"Aksa Akrilik","12,27","12,55","12,05","0,18","1,49%","25,55M","22/10"
"Aksa Enerji Üretim","48,140","49,820","47,460","0,040","0,08%","14,09M","22/10"
"Aksu Enerji ve Ticaret","16,67","16,80","16,53","-0,06","-0,36%","119,96K","22/10"
"Alarko Holding","79,400","80,150","78,700","0,850","1,08%","4,25M","22/10"
"Albaraka Türk Katılım Bankası A.Ş.","7,890","7,970","7,870","0,030","0,38%","9,99M","22/10"
"Alarko Carrier San. Ve Tic. A.Ş.","909,00","922,50","904,00","4,50","0,50%","20,28K","22/10"
"Alcatel Lucent","107,800","109,900","107,600","0,100","0,09%","211,24K","22/10"
"Alarko GYO","22,38","22,46","21,86","0,64","2,94%","1,53M","22/10"
"Alkim Kağıt San. ve Tic. A.Ş.","12,400","12,580","11,300","0,960","8,39%","5,49M","22/10"
"Alkim Alkali Kimya A.Ş.","18,78","19,51","18,70","0,08","0,43%","3,99M","22/10"
"Ruzy Madencilik ve Enerji Yatirimlari Sanayi ve Ti","12,100","12,400","11,900","0,210","1,77%","10,88M","22/10"
"Anel Elek. Proje Taahhüt Ve Tic. A.Ş","15,750","15,920","15,610","0,140","0,90%","1,07M","22/10"
"Anadolu Hayat","96,95","98,45","95,55","-0,10","-0,10%","1,23M","22/10"
"Anadolu Anonim Türk Sig. Şti.","22,420","23,000","22,380","-0,100","-0,44%","11,96M","22/10"
"Arçelik A.Ş.","105,80","108,00","105,10","-0,80","-0,75%","5,9M","22/10"
"Arena Bil. San. Ve Tic. A.Ş.","29,300","29,980","29,160","0,040","0,14%","907,74K","22/10"
"Ingram Micro Bilisim","408,000","418,000","407,500","-4,250","-1,03%","33,04K","22/10"
"Arsan Tekstil Tic. Ve San. A.Ş.","2,780","2,870","2,760","-0,030","-1,07%","12,23M","22/10"
"Aselsan","207,60","216,20","205,90","2,00","0,97%","28,05M","22/10"
"Anadolu Isuzu","53,90","54,55","53,65","0,25","0,47%","535,35K","22/10"
"Ata GYO","13,540","13,880","13,490","-0,180","-1,31%","401,76K","22/10"
"Akın Tekstil A.Ş.","73,900","73,900","73,900","-0,100","-0,14%","7,04K","22/10"
"Atlas YO","6,060","6,210","5,980","-0,050","-0,82%","767,33K","22/10"
"Avrasya GYO","17,680","18,250","16,520","1,000","6,00%","5,06M","22/10"
"AVOD Gıda","3,990","4,230","3,950","-0,140","-3,39%","5,56M","22/10"
"Avtur","14,250","14,430","13,660","0,520","3,79%","542,91K","22/10"
"Altın Yunus","410,000","420,000","409,000","-3,250","-0,79%","55,13K","22/10"
"Ayen Enerji A.Ş.","26,000","26,580","26,000","-0,300","-1,14%","319,51K","22/10"
"Aygaz A.Ş.","186,20","187,10","181,70","4,90","2,70%","297,23K","22/10"
"Bagfaş Bandırma Gübre Fab.","31,02","31,66","31,02","-0,28","-0,89%","757,17K","22/10"
"Bak Ambalaj San.","36,000","36,820","35,060","-0,500","-1,37%","345,05K","22/10"
"Banvitas","179,500","180,500","177,800","0,500","0,28%","215,64K","22/10"
"Bosch Fren","161,00","163,50","160,90","0,00","0,00%","236,67K","22/10"
"BIM Mağazalar","538,00","545,00","525,00","14,00","2,67%","5,89M","22/10"
"Ral Yatırım","189,500","195,000","180,100","5,400","2,93%","4,85M","22/10"
"Bizim","26,64","27,14","26,44","0,14","0,53%","483,6K","22/10"
"Beşiktaş","1,920","1,970","1,880","0,040","2,13%","115,31M","22/10"
"Bilici Yat. San. Ve Tic. A.Ş.","23,600","24,540","23,200","0,480","2,08%","1,55M","22/10"
"Bossa Tic. Ve San. T.A.Ş.","7,570","7,850","7,570","-0,040","-0,53%","8,35M","22/10"
"Birko Birleşik","8,100","8,100","7,750","-0,050","-0,61%","1,01M","22/10"
"Berkosan","8,300","8,300","8,090","0,120","1,47%","423,81K","22/10"
"Birlik Mensucat A.Ş.","20,200","20,200","18,900","1,400","7,45%","162,95K","22/10"
"Yeşil Yapı","2,070","2,140","2,000","0,040","1,97%","347,38M","22/10"
"Borusan Birlesik","396,00","404,25","396,00","-2,00","-0,50%","534,29K","22/10"
"Borusan Yatırım","2.022,00","2.045,00","2.007,00","-9,00","-0,44%","41,33K","22/10"
"Batısöke","15,420","15,630","15,380","0,050","0,33%","7,2M","22/10"
"Batıçim Batı Anadolu Çimento Sanayii","4,21","4,30","4,19","0,03","0,72%","155,98M","22/10"
"Bursa Çimento","6,18","6,23","6,15","0,04","0,65%","6,26M","22/10"
"Burçelik Çel. Dkm. San. A.Ş.","32,220","32,220","27,000","2,920","9,97%","7M","22/10"
"Burçelik Vana San. Ve Tic. A.Ş.","198,100","198,100","178,000","18,000","9,99%","294,57K","22/10"
"CarrefourSA","120,90","127,00","120,30","-4,20","-3,36%","1,03M","22/10"
"Coca-Cola İçecek","51,45","52,25","50,40","0,85","1,68%","11,58M","22/10"
"Çelik Halat Ve Tel San. A.Ş.","8,550","8,640","8,510","0,030","0,35%","1,36M","22/10"
"Çemaş","5,540","5,890","5,540","-0,290","-4,97%","60,38M","22/10"
"Çemtaş Çelik Makina","10,480","10,770","10,480","-0,030","-0,29%","5,3M","22/10"
"Çimsa Çimento","42,88","43,48","42,84","-0,34","-0,79%","9,92M","22/10"
"Çelebi Hava Servisi A.Ş.","1.497,00","1.520,00","1.495,00","-1,00","-0,07%","52,02K","22/10"
"Çimbeton A.Ş.","2.150,00","2.218,00","2.136,00","14,00","0,66%","24,41K","22/10"
"Çimentaş İzmir T.A.Ş.","348,00","348,50","348,00","-0,50","-0,14%","7,71K","22/10"
"Döktaş Dökümcülük","24,280","24,340","23,500","0,780","3,32%","198,8K","22/10"
"Cosmos","137,600","140,000","135,000","-1,400","-1,01%","43,09K","22/10"
"Creditwest","33,500","33,500","33,280","0,200","0,60%","943,26K","22/10"
"Dagi","8,090","8,370","8,020","-0,230","-2,76%","8,04M","22/10"
"Dardanel Önentaş","2,410","2,420","2,380","0,030","1,26%","33,22M","22/10"
"Derimod","36,80","37,38","36,70","0,14","0,38%","541,93K","22/10"
"Desa","14,540","14,980","14,480","-0,080","-0,55%","1,28M","22/10"
"Despec","60,050","62,050","58,350","1,200","2,04%","484,86K","22/10"
"Deva Holding A.Ş.","70,100","73,000","70,100","-1,750","-2,44%","910,95K","22/10"
"Datagate","77,850","78,050","75,700","1,050","1,37%","1,08M","22/10"
"Doğuş GYO","31,080","31,860","30,720","-0,040","-0,13%","80,84K","22/10"
"Ditaş Doğan","26,320","26,320","24,200","2,380","9,94%","1,77M","22/10"
"Demisaş Döküm","8,990","9,090","8,910","0,090","1,01%","2,99M","22/10"
"Deniz GYO","6,700","6,840","6,400","0,300","4,69%","8,73M","22/10"
"Doğuş Otomotiv Servis","173,90","175,80","172,50","1,60","0,93%","1,62M","22/10"
"Doğan Burda","339,000","367,250","335,500","-8,000","-2,31%","110,14K","22/10"
"DO & CO","10.482,50","10.652,50","10.455,00","27,50","0,26%","3,64K","22/10"
"Doğusan Boru","40,660","40,660","38,700","3,680","9,95%","1,33M","22/10"
"Doğan Şirketler Grubu","16,740","17,320","16,740","-0,410","-2,39%","31,49M","22/10"
"Duran Doğan","3,530","3,550","3,440","0,090","2,62%","4,39M","22/10"
"DYO Boya","13,670","13,830","13,660","-0,080","-0,58%","2,04M","22/10"
"Metro Yatırım Ortaklığı","8,250","8,350","8,100","-0,040","-0,48%","446,54K","22/10"
"Eczacıbaşı İlaç","92,000","96,500","88,250","3,100","3,49%","16,52M","22/10"
"Eczacıbaşı Yatırım","262,25","270,00","259,50","4,25","1,65%","2,85M","22/10"
"Edip Gayrimenkul","33,160","34,280","33,140","-0,720","-2,13%","1,26M","22/10"
"Ege Endüstri Ve Tic. A.Ş.","7.827,50","7.942,50","7.805,00","27,50","0,35%","11,84K","22/10"
"Ege Gübre San. A.Ş.","96,10","100,10","95,40","-0,90","-0,93%","624,84K","22/10"
"Ege Profil Tic. Ve San. A.Ş.","26,000","26,860","25,580","-0,120","-0,46%","564,28K","22/10"
"Ege Seramik San. Ve Tic. A.Ş.","3,330","3,340","3,280","0,040","1,22%","2,79M","22/10"
"Emlak Konut GYO","19,340","19,700","19,160","0,040","0,21%","170,49M","22/10"
"Ekiz Kimya","83,950","85,500","83,950","-1,050","-1,24%","16,56K","22/10"
"Euro Menkul","13,980","13,990","13,520","0,500","3,71%","438,99K","22/10"
"EMEK Elektrik","48,200","50,450","47,740","0,040","0,08%","10,47M","22/10"
"Eminiş Ambalaj","184,400","189,900","184,400","-2,600","-1,39%","5,99K","22/10"
"ENKA","74,600","75,150","71,100","3,400","4,78%","24,09M","22/10"
"Egeplast","6,550","6,740","6,320","0,170","2,66%","17,98M","22/10"
"Erbosan Erciyas Boru","182,50","187,00","181,30","-0,60","-0,33%","63,32K","22/10"
"Erdemir","26,840","27,800","26,800","-0,520","-1,90%","167,73M","22/10"
"ERSU","21,000","22,920","20,900","-1,000","-4,55%","1,2M","22/10"
"Escort","3,15","3,22","3,14","-0,01","-0,32%","27,15M","22/10"
"Euro Trend YO","27,020","27,440","25,980","-0,420","-1,53%","480,99K","22/10"
"Euro Kapital Yat. Ort. A.Ş.","16,990","18,450","16,870","-0,810","-4,55%","1,39M","22/10"
"Euro Yatırım","9,900","10,000","9,900","-0,150","-1,49%","595,78K","22/10"
"Fenerbahçe","10,10","10,22","9,90","0,16","1,61%","32,84M","22/10"
"QNB Finans","57,100","57,100","56,000","-1,550","-2,64%","68,11K","22/10"
"Qnb Bank","484,750","490,000","484,750","-5,250","-1,07%","15,18K","22/10"
"Federal Mogul","313,75","320,00","309,00","3,50","1,13%","146,3K","22/10"
"Ufuk Yatırım","1.213,000","1.248,000","1.111,000","25,000","2,10%","65,72K","22/10"
"Frigo Pak","11,050","11,110","10,880","0,010","0,09%","11,75M","22/10"
"Ford Otomotiv San. A.Ş.","97,70","99,85","97,05","-0,30","-0,31%","16,76M","22/10"
"Garanti BBVA","126,00","127,70","125,30","0,10","0,08%","30,93M","22/10"
"Garanti Faktoring","24,520","24,840","24,380","0,080","0,33%","391,88K","22/10"
"Inveo Yatırım","11,100","11,780","10,610","0,390","3,64%","48,56M","22/10"
"Gedik Yatırım","7,380","7,530","7,270","0,100","1,37%","25,94M","22/10"
"Gentaş","8,860","9,160","8,730","0,120","1,37%","9,91M","22/10"
"Gersan","19,360","19,770","19,090","-0,150","-0,77%","5,93M","22/10"
"Global Menkul Değerler","13,870","13,980","12,840","0,850","6,53%","1,23M","22/10"
"Güler Yatırım","4,320","4,390","4,210","0,070","1,65%","10,79M","22/10"
"Global Yatırım","10,860","11,180","10,320","0,480","4,62%","34,96M","22/10"
"Göltaş Çimento","322,25","325,00","320,50","1,25","0,39%","107,61K","22/10"
"Goodyear Lastikleri","17,28","17,46","17,08","0,17","0,99%","1,39M","22/10"
"Gözde Girişim","20,900","21,060","20,620","0,420","2,05%","2,46M","22/10"
"Garanti YO","15,000","15,000","13,710","1,360","9,97%","1,79M","22/10"
"GSD Marin","9,820","10,150","9,780","-0,240","-2,39%","3,15M","22/10"
"GSD Holding","4,580","4,840","4,550","-0,100","-2,14%","25,73M","22/10"
"GS Sportif","1,54","1,56","1,52","0,02","1,32%","790,65M","22/10"
"Gübretaş","283,25","290,50","278,25","5,25","1,89%","2,13M","22/10"
"Türkiye Sigorta","11,220","11,390","10,840","0,500","4,66%","157,89M","22/10"
"Türkiye Halk Bankası","26,42","26,66","26,04","0,22","0,84%","49,96M","22/10"
"Hateks","15,250","15,880","14,580","0,610","4,17%","3,93M","22/10"
"Hektaş Ticaret","3,330","3,370","3,300","0,000","0,00%","78,04M","22/10"
"Hürriyet Gazete","6,530","6,700","6,460","0,070","1,08%","5,25M","22/10"
"İdealist GYO","3,540","3,630","3,510","-0,050","-1,39%","1,35M","22/10"
"İhlas Ev Aletleri İmalat","2,470","2,630","2,450","-0,080","-3,14%","2,21M","22/10"
"İhlas Gazetecilik A.Ş","1,730","1,780","1,730","-0,040","-2,26%","22,84M","22/10"
"İhlas Holding","3,110","3,340","3,110","-0,170","-5,18%","182,68M","22/10"
"İhlas Gayrımenkul","2,750","2,860","2,740","-0,070","-2,48%","36,84M","22/10"
"İhlas Yayın","2,350","2,420","2,350","0,000","0,00%","10,33M","22/10"
"İndeks Bilgisayar Sistemleri","8,010","8,090","7,900","0,100","1,26%","5,92M","22/10"
"İnfo Yatırım A.Ş.","4,590","4,910","4,430","0,120","2,68%","249,68M","22/10"
"İntema","271,25","288,50","271,25","-11,50","-4,07%","222,57K","22/10"
"İpek Doğal Enerji Kaynakları","67,000","70,100","66,500","-1,650","-2,40%","2,22M","22/10"
"Türkiye İş Bankası A","4.950.000","4.950.000","4.950.000","0","0,00%","0","26/09"
"Türkiye İş Bankası B","585.100,00","619.997,50","585.100,00","-63.900,00","-9,85%","3","22/10"
"Türkiye İş Bankası","12,060","12,310","12,040","0,000","0,00%","526,22M","22/10"
"İş Finansal Kiralama","17,780","18,020","17,670","0,100","0,57%","2,59M","22/10"
"İş Girişim","74,650","77,000","72,500","1,850","2,54%","2,62M","22/10"
"İş GYO","19,000","19,210","18,850","0,110","0,58%","2,18M","22/10"
"İş Yatırım Menkul Değerler","42,400","43,040","40,880","1,700","4,18%","7,04M","22/10"
"İş Yatırım Ortaklığı","8,240","8,620","8,150","-0,020","-0,24%","1,84M","22/10"
"Loras Holding AS","5,640","5,780","5,610","-0,030","-0,53%","29,19M","22/10"
"İzmir Demir Çelik","6,010","6,110","5,940","0,010","0,17%","7,58M","22/10"
"Kaplamin Ambalaj","500,000","531,000","500,000","-24,500","-4,67%","368,05K","22/10"
"Karel","9,630","9,700","9,200","0,440","4,79%","15,58M","22/10"
"Karsan Otomotiv","9,700","9,980","9,690","-0,170","-1,72%","10,84M","22/10"
"Kartonsan San. Ve Tic. A.Ş.","79,80","80,40","79,10","0,20","0,25%","183,3K","22/10"
"Katmerciler","2,790","2,870","2,740","0,040","1,45%","188,06M","22/10"
"Koç Holding","160,40","162,50","157,60","3,00","1,91%","30,48M","22/10"
"Kent Gıda Mad.","747,50","747,50","747,00","0,50","0,07%","2,41K","22/10"
"Besler Gida ve Kimya Sanayi ve Ticaret AS","13,09","13,34","13,06","-0,03","-0,23%","3,97M","22/10"
"Doğanlar Mobilya Grubu","5,890","6,060","5,870","-0,130","-2,16%","3,72M","22/10"
"Kiler GYO","6,440","6,580","6,390","-0,030","-0,46%","13,21M","22/10"
"Klimasan Klima San.","31,040","32,580","30,920","-0,980","-3,06%","818,32K","22/10"
"Türkiye Kalkınma ve Yatırım","13,470","13,470","13,460","0,570","4,42%","292,05K","22/10"
"Konfrut","12,97","13,57","12,88","-0,53","-3,93%","2,13M","22/10"
"Konya Çimento","4.870,00","4.960,00","4.865,00","0,00","0,00%","8,67K","22/10"
"Kordsa Teknik","54,65","55,50","54,30","-0,20","-0,36%","599,2K","22/10"
"Koza Anadolu","83,250","85,900","82,100","-1,450","-1,71%","4,84M","22/10"
"Koza Altın İşletmeleri","23,76","24,54","23,72","-0,60","-2,46%","57,85M","22/10"
"Kardemir A","27,940","29,500","27,820","-0,280","-0,99%","5,63M","22/10"
"Kardemir B","25,060","25,260","24,600","0,360","1,46%","984,69K","22/10"
"Kardemir Demir Çelik","26,400","26,600","25,580","0,600","2,33%","55,59M","22/10"
"Kron Tel. Hiz. A.Ş.","16,130","16,660","15,320","0,770","5,01%","5,45M","22/10"
"Kristal Kola","11,260","11,490","10,760","0,450","4,16%","11,94M","22/10"
"Karsu Tekstil San.Ve Tic. A.Ş.","29,480","30,320","29,280","0,020","0,07%","709,36K","22/10"
"Kütahya Porselen San. A.Ş.","103,200","106,700","103,200","-1,800","-1,71%","331,5K","22/10"
"Link Bilgisayar","323,25","332,50","323,00","-5,75","-1,75%","380,61K","22/10"
"Lokman Hekim","16,100","16,150","15,810","0,070","0,44%","1,05M","22/10"
"Logo Yaz. San. Ve Tic. A.Ş.","147,100","149,900","145,300","1,700","1,17%","562,18K","22/10"
"Lüks Kadife Tic. ve San.","114,000","120,500","111,000","-1,100","-0,96%","478,05K","22/10"
"Marmaris Altınyunus","1.010,00","1.026,00","1.010,00","2,00","0,20%","16,58K","22/10"
"MTE","14,420","14,780","14,240","-0,020","-0,14%","4,66M","22/10"
"Martı Otel İşletmeleri A.Ş.","3,180","3,210","3,110","0,060","1,92%","47,09M","22/10"
"Mepet Metro","15,890","16,310","15,510","-0,210","-1,30%","524,79K","22/10"
"Merko Gıda San. Ve Tic. A.Ş.","13,620","13,880","13,580","0,000","0,00%","2,68M","22/10"
"Metro Tic. Ve Mali Yat. A.Ş.","4,950","5,140","4,920","-0,130","-2,56%","12,62M","22/10"
"Metemtur Yatırım","60,100","62,050","58,350","1,500","2,56%","5,26M","22/10"
"Migros","448,50","453,50","432,00","16,50","3,82%","2,85M","22/10"
"Lydia Holding AS","123,400","128,300","120,000","3,400","2,83%","1,05M","22/10"
"Menderes Tekstil","13,440","13,730","13,440","-0,050","-0,37%","2,72M","22/10"
"Oyak Çimento","21,140","21,420","20,980","0,240","1,15%","21,9M","22/10"
"Martı GYO","2,940","3,050","2,770","0,160","5,76%","125,56M","22/10"
"Marshall Boya Ve Vernik San.","1.720,00","1.772,00","1.699,00","19,00","1,12%","39,7K","22/10"
"Işıklar Enerji","30,400","31,920","29,580","1,320","4,54%","60,28M","22/10"
"Mazhar Zorlu","6,490","6,530","6,300","0,010","0,15%","416,42K","22/10"
"Netaş Telekom","67,25","69,40","66,70","-0,10","-0,15%","745,27K","22/10"
"Net Holding A.Ş.","45,640","46,180","45,280","-0,280","-0,61%","1,37M","22/10"
"Nurol GYO","9,260","9,520","9,120","0,150","1,65%","3,05M","22/10"
"Nuh Çimento","239,50","245,70","239,50","-6,20","-2,52%","97,02K","22/10"
"Otokar","432,00","452,00","431,25","-10,50","-2,37%","649,28K","22/10"
"OYAK YO","36,180","36,300","35,000","0,380","1,06%","112,15K","22/10"
"Özderici GYO","2,960","3,050","2,920","0,030","1,02%","13,64M","22/10"
"Parsan Makina Parçaları Sanayii","89,850","92,250","89,850","-0,050","-0,06%","186,64K","22/10"
"Penguen Gıda San. A.Ş.","8,560","8,640","8,540","0,020","0,23%","2,55M","22/10"
"Petkim","16,790","17,110","16,790","-0,020","-0,12%","103,93M","22/10"
"Pınar Et Ve Un San. A.Ş.","12,44","12,64","12,35","0,03","0,24%","1,2M","22/10"
"Pınar Su San. Ve Tic. A.Ş.","13,930","14,610","13,290","0,640","4,82%","42,55M","22/10"
"Plastikkart","78,000","80,900","78,000","-2,000","-2,50%","377,04K","22/10"
"Petrokent Turizm A.Ş.","211,60","213,10","209,90","1,80","0,86%","85,72K","22/10"
"Pınar Süt Mamulleri","12,40","12,83","12,30","0,06","0,49%","2,07M","22/10"
"Türk Prysmian","31,680","32,160","30,800","0,500","1,60%","414,18K","22/10"
"Park Elektrik","17,230","17,650","17,180","-0,110","-0,63%","1,59M","22/10"
"Ray Sigorta A.Ş.","239,500","245,600","239,000","-2,300","-0,95%","340,38K","22/10"
"Icu Girisim Sermayesi Yatirim Ortakligi AS","3,330","3,330","3,110","0,300","9,90%","33,53M","22/10"
"Reysaş GYO","20,100","20,720","20,100","-0,360","-1,76%","1,63M","22/10"
"Reysaş","15,320","15,390","15,020","0,320","2,13%","6,07M","22/10"
"Hacı Ömer Sabancı Holding","77,45","79,30","77,45","0,00","0,00%","37,87M","22/10"
"Saray Matbaacılık","6,110","6,290","6,100","-0,100","-1,61%","1,19M","22/10"
"Sanko Pazarlama","22,040","22,400","22,020","0,060","0,27%","261,22K","22/10"
"Sarkuysan Elektrolit Bakır Sanayi","14,310","14,700","14,310","-0,110","-0,76%","949,29K","22/10"
"SASA Polyester","3,010","3,060","3,000","0,000","0,00%","934,82M","22/10"
"Şeker Leasing","8,340","8,400","7,850","0,400","5,04%","867,08K","22/10"
"Selçuk Ecza Deposu","81,350","83,450","81,350","-0,500","-0,61%","779,09K","22/10"
"Selçuk Gıda","94,300","99,200","93,300","-5,600","-5,61%","852,64K","22/10"
"Kuvva Gıda Ticaret ve San.","130,300","132,000","130,300","0,000","0,00%","185,26K","22/10"
"Türkiye İş Bankası","4.000.000","4.000.000","4.000.000","100.000","2,56%","1","21/10"
"Silverline Endüstri","2,870","2,960","2,830","-0,050","-1,71%","4,31M","22/10"
"Şişecam","34,100","34,760","33,560","0,580","1,73%","57,94M","22/10"
"Şekerbank T.A.Ş.","7,520","7,600","7,140","0,390","5,47%","59,03M","22/10"
"Söktaş Pamuk Ve Tarım","4,680","4,930","4,600","0,010","0,21%","7,68M","22/10"
"Sinpaş GYO","4,830","4,960","4,810","-0,030","-0,62%","17,25M","22/10"
"Sönmez Pamuklu San. A.Ş.","23,100","23,260","23,000","-0,160","-0,69%","64,77K","22/10"
"Sönmez Filament","129,300","130,800","127,600","-0,400","-0,31%","20,9K","22/10"
"TAV Havalimanları","243,00","250,25","234,60","7,00","2,97%","3,36M","22/10"
"Türk Tuborg","184,300","187,800","183,200","0,200","0,11%","289,44K","22/10"
"Turkcell İletişim Hizmetleri","97,60","99,40","96,80","0,65","0,67%","18,97M","22/10"
"ICBC Turkey","14,770","14,920","14,550","0,200","1,37%","3,57M","22/10"
"Tek-Art İnşaat","23,660","25,200","21,180","0,140","0,60%","77,61M","22/10"
"THY","288,00","296,00","287,00","-6,50","-2,21%","42,48M","22/10"
"Mondi Turkey","7,610","7,870","7,500","0,090","1,20%","7,64M","22/10"
"Tekfen Holding","79,30","80,30","78,00","1,20","1,54%","3,22M","22/10"
"Tofaş","260,50","263,50","255,25","5,50","2,16%","4,37M","22/10"
"Turcas Petrol A.Ş.","37,440","38,000","36,200","1,240","3,43%","1,12M","22/10"
"Torunlar GYO","77,15","77,40","75,70","0,45","0,59%","945,96K","22/10"
"TSKB GYO","7,340","7,630","7,240","0,140","1,94%","9,07M","22/10"
"TSKB","12,170","12,370","12,120","-0,040","-0,33%","22,04M","22/10"
"Trabzonspor Sportif","1,320","1,320","1,190","0,120","10,00%","1,41B","22/10"
"Türk Telekomunikasyon","50,75","51,20","49,72","1,05","2,11%","19,7M","22/10"
"Türk Traktör","557,00","558,00","550,00","6,50","1,18%","135,48K","22/10"
"Tukaş Gıda","2,610","2,660","2,610","-0,010","-0,38%","152,62M","22/10"
"Tüpraş","181,70","183,20","177,30","5,60","3,18%","19,08M","22/10"
"Ülker Gıda","104,00","106,70","102,80","1,00","0,97%","5,69M","22/10"
"Uşak Seramik San. A.Ş.","3,400","3,570","3,400","-0,090","-2,58%","66,43M","22/10"
"Zedur Enerji","8,030","8,190","7,970","0,000","0,00%","1,5M","22/10"
"Vakıfbank","23,400","23,580","23,220","0,060","0,26%","40,44M","22/10"
"Vakıf Leasing","1,820","1,860","1,810","-0,010","-0,55%","67,54M","22/10"
"Vakko","63,200","64,000","62,550","0,100","0,16%","679K","22/10"
"Vanet","40,600","41,020","39,580","0,500","1,25%","348,08K","22/10"
"Vestel Beyaz","8,410","8,640","8,390","-0,090","-1,06%","14,63M","22/10"
"Vestel Elektronik","31,980","32,820","31,880","-0,480","-1,48%","6,88M","22/10"
"Vakıf GYO","2,350","2,370","2,310","0,030","1,29%","31,33M","22/10"
"Viking Kağıt ve Selülöz","32,000","32,200","30,240","0,900","2,89%","979,48K","22/10"
"Yaprak Süt","264,750","270,500","264,000","-2,250","-0,84%","138,44K","22/10"
"Yataş","35,500","36,480","33,340","1,780","5,28%","2,26M","22/10"
"AG Anadolu Grup","25,60","25,84","25,14","0,58","2,32%","6,47M","22/10"
"Yeşil GYO","1,750","1,760","1,690","0,010","0,57%","4,34M","22/10"
"Yapı Kredi","30,240","30,560","29,660","0,500","1,68%","145,46M","22/10"
"Koray GYO","5,070","5,200","4,880","-0,010","-0,20%","16,16M","22/10"
"Yünsa Yünlü San. Ve Tic. A.Ş.","7,250","7,380","7,220","-0,040","-0,55%","8,12M","22/10"
"Zorlu Enerji","3,270","3,350","3,220","0,030","0,93%","83,76M","22/10"
"Bridgestone Sabancı Lastik Sanayi","91,45","93,50","87,20","2,55","2,87%","1,05M","22/10"
"Marka Yatırım","44,500","44,540","43,780","-0,060","-0,13%","597,86K","22/10"
"Atlantis Holding","67,000","69,950","65,500","1,500","2,29%","26,98K","22/10"
"Balatacılar","75,500","76,950","71,550","5,400","7,70%","89,22K","22/10"
"Beyaz Filo Oto Kiralama A.Ş.","28,760","30,140","28,280","0,000","0,00%","2,26M","22/10"
"Tera Finansal Yatirimlar Holding AS","404,000","408,750","376,000","31,500","8,46%","714,86K","22/10"
"Denge Yatırım","2,740","2,760","2,700","0,040","1,48%","23,32M","22/10"
"Hub Girişim Sermayesi","3,390","3,500","3,120","0,170","5,28%","14,29M","22/10"
"Skyalp Finansal Teknolojiler ve Danismanlik AS","145,200","145,200","134,300","13,200","10,00%","268,06K","22/10"
"Mmc San. Ve Ticari Yat. A.Ş.","68,000","75,000","66,650","-3,500","-4,90%","419,48K","22/10"
"Niğbaş Beton San. Ve Tic. A.Ş.","21,200","21,700","19,970","0,180","0,86%","1,32M","22/10"
"Orge Enerji Elektrik","66,950","67,500","66,500","0,550","0,83%","537,71K","22/10"
"Osmanlı Yatırım","9,850","9,970","9,540","0,300","3,14%","5,07M","22/10"
"Ostim","3,170","3,240","3,170","-0,040","-1,25%","10,72M","22/10"
"Oylum Sınai Yatırımlar","10,640","10,750","10,350","0,000","0,00%","743,03K","22/10"
"Özak GYO","13,210","13,600","13,210","-0,130","-0,97%","3,36M","22/10"
"Polisan Holding A.Ş.","15,980","16,700","15,920","-0,570","-3,44%","7,99M","22/10"
"Sanifoam","7,020","7,080","6,920","-0,030","-0,43%","6,22M","22/10"
"Sodaş Sodyum","103,700","103,800","102,600","1,600","1,57%","5,96K","22/10"
"Teknosa","24,160","24,620","24,100","-0,040","-0,17%","2,46M","22/10"
"Ulaşlar Turizm Yatırımlar","30,000","31,000","28,400","0,400","1,35%","628,72K","22/10"
"Vakıf Menkul","21,460","21,900","21,300","-0,060","-0,28%","106,66K","22/10"
"Yibitaş Yozgat","22,34","22,42","22,34","-0,22","-0,98%","187,81K","22/10"
"Yeşil Yatırım","2,390","2,470","2,260","0,100","4,37%","64,73M","22/10"
"Akdeniz Yatırım","3,110","3,200","2,970","0,090","2,98%","2,83M","22/10"
"Ayes","15,210","15,680","15,210","-0,090","-0,59%","25,91K","22/10"
"Baştaş","15,200","15,200","14,830","-0,300","-1,94%","234,75K","22/10"
"Avrupa Yatırım","41,300","42,000","41,000","0,320","0,78%","1,18M","22/10"
"Diriteks","27,600","28,400","27,600","-1,240","-4,30%","67,19K","22/10"
"Etiler Gıda","4,220","4,440","4,180","-0,070","-1,63%","10,81M","22/10"
"FLAP KONG","9,900","10,100","9,800","-0,070","-0,70%","932,57K","22/10"
"Halk GYO","3,630","3,650","3,580","0,060","1,68%","25,26M","22/10"
"Jantsa","20,380","20,680","20,060","0,390","1,95%","5,24M","22/10"
"Kervansaray","2,400","2,450","2,400","-0,030","-1,23%","789,01K","22/10"
"Bera","18,160","18,490","17,790","-0,040","-0,22%","19,52M","22/10"
"Casa Emtia Petrol Kimyevi","89,450","90,200","89,450","-1,750","-1,92%","16,93K","22/10"
"Kuyaş Yatırım","48,240","49,200","46,200","2,040","4,42%","9,65M","22/10"
"Mega Polietilen Köpük","3,950","3,990","3,950","-0,050","-1,25%","567,6K","22/10"
"Merit Turizm Yatırım ve İşletme","20,100","20,480","20,060","-0,160","-0,79%","5,76M","22/10"
"Pegasus Hava Taşımacılığı","206,200","212,500","206,200","-4,100","-1,95%","21,14M","22/10"
"Prizma Pres","13,010","13,600","12,960","-0,090","-0,69%","342,64K","22/10"
"TGS","182,200","191,500","179,000","1,400","0,77%","148,1K","22/10"
"Lydia Yesil Enerji Kaynaklari AS","13.620,000","13.620,000","12.305,000","1.237,500","9,99%","32,28K","22/10"
"Tümosan Motor","100,500","102,800","100,500","0,000","0,00%","675,49K","22/10"
"Innosa Teknoloji AS","324,000","324,000","319,000","19,000","6,23%","10,88K","22/10"
"Royal Halı İplik Mobilya","6,800","6,820","6,770","0,000","0,00%","0","01/01"
"ODAŞ Elektrik","5,620","5,620","5,130","0,510","9,98%","96,86M","22/10"
"Panora GYO","90,600","92,750","88,050","-0,800","-0,88%","97,2K","22/10"
"Türker Proje Gayrimenkul","27,12","27,70","27,04","0,28","1,04%","427,35K","22/10"
"Acıselsan","110,500","112,000","110,000","0,500","0,45%","121,46K","22/10"
"Akiş GYO","7,680","7,740","7,600","0,090","1,19%","3,5M","22/10"
"Otto Holding","487,000","506,000","487,000","-11,500","-2,31%","77,46K","22/10"
"Sekuro Plastik Ambalaj","14,180","14,220","13,960","0,060","0,42%","442,24K","22/10"
"Iz Yatirim Holding","63,250","64,900","62,900","-0,250","-0,39%","196,46K","22/10"
"Verusa Holding","240,80","244,20","222,90","18,80","8,47%","627,07K","22/10"
"Orma","179,000","179,000","168,200","3,100","1,76%","8,84K","22/10"
"Yayla Enerji","34,040","34,040","31,360","2,260","7,11%","1,56M","22/10"
"SAN-EL","26,800","27,180","25,900","0,240","0,90%","104,93K","22/10"
"Temapol","211,00","218,40","205,80","-5,10","-2,36%","88,11K","22/10"
"Rodrigo","21,740","22,480","21,500","0,060","0,28%","328,02K","22/10"
"Tat Gıda","12,220","12,300","12,090","0,120","0,99%","1,41M","22/10"
"Gediz Ambalaj","28,46","30,66","28,46","-2,54","-8,19%","3,75M","22/10"
"Körfez GYO","3,210","3,210","2,930","0,290","9,93%","12,62M","22/10"
"Lider Faktoring","3,900","3,950","3,850","0,040","1,04%","7,39M","22/10"
"RTA","3,79","3,89","3,78","0,00","0,00%","35,99M","22/10"
"Servet GYO","3,000","3,090","2,950","0,050","1,69%","41,63M","22/10"
"Tuğçelik","8,960","9,160","8,960","-0,050","-0,55%","3,57M","22/10"
"Yeni Gimat","137,70","141,40","132,70","5,10","3,85%","214,99K","22/10"
"Pamukova Yenilenebilir Elektrik","89,35","90,65","88,90","-0,60","-0,67%","102,06K","22/10"
"Agesa Hayat ve Emeklilik","199,90","201,10","196,10","0,90","0,45%","266,32K","22/10"
"Pergamon Status","166,60","176,80","164,50","5,50","3,41%","162,85K","22/10"
"Ulusoy Un","7,400","7,480","7,270","0,150","2,07%","1,77M","22/10"
"Ulusoy Elektrik","179,50","184,60","178,60","-0,60","-0,33%","180,7K","22/10"
"HEDEF Girişim","5,120","5,500","4,670","0,040","0,79%","103,69M","22/10"
"Özerden Plastik","11,890","12,690","11,250","-0,060","-0,50%","1,39M","22/10"
"Senkron Güvenlik","225,000","238,100","225,000","-3,500","-1,53%","39,16K","22/10"
"Politeknik Metal","6.685,00","6.880,00","6.652,50","-130,00","-1,91%","6,3K","22/10"
"Say Yenilenebilir Enerji Ekipmanları","52,150","53,000","51,650","-0,500","-0,95%","612,15K","22/10"
"Bantaş Bandırma","6,450","6,610","6,440","0,010","0,16%","2,69M","22/10"
"Seyitler Kimya","5,760","6,000","5,440","0,050","0,88%","1,97M","22/10"
"Verusaturk","35,78","37,40","35,16","0,50","1,42%","2,56M","22/10"
"Çuhadaroğlu Metal","24,06","25,22","24,06","-0,56","-2,27%","946,89K","22/10"
"İskenderun Demir Çelik","37,080","38,140","37,020","-0,280","-0,75%","2,31M","22/10"
"İşbir Holding","99,70","102,00","99,70","-0,30","-0,30%","15,71K","22/10"
"İzmir Fırça","144,10","150,80","139,60","-6,80","-4,51%","792K","22/10"
"Kuştur Kuşadası","3.225,00","3.250,00","3.222,50","-25,00","-0,77%","616","22/10"
"Umpaş","9,300","9,680","9,000","0,000","0,00%","0","30/09"
"Yonga Mobilya","64,45","64,50","64,45","-2,15","-3,23%","27,44K","22/10"
"Mistral GYO","5,94","6,12","5,94","-0,01","-0,17%","2,13M","22/10"
"Fonet Bilgi","2,79","3,05","2,78","-0,22","-7,31%","140,69M","22/10"
"Mavi Giyim Sanayi","38,86","39,68","38,60","-0,36","-0,92%","8,76M","22/10"
"Safkar Ege Soğutmacılık","20,90","21,00","20,30","0,60","2,96%","5,91M","22/10"
"Trabzon Liman İşletmeciliği","99,90","105,00","96,25","3,65","3,79%","811,69K","22/10"
"Enerjisa Enerji","79,30","80,55","79,00","-0,40","-0,50%","3,1M","22/10"
"MLP Sağlık","325,50","331,00","325,00","1,25","0,39%","988,63K","22/10"
"Peker GYO","11,50","12,13","11,18","-0,25","-2,13%","759,81M","22/10"
"Trend Gayrımenkul Yat. Ort.","21,88","22,00","21,38","0,00","0,00%","618,34K","22/10"
"Şok Marketler","43,10","43,62","41,56","1,06","2,52%","11,28M","22/10"
"Kafein Yazılım","9,40","9,57","9,36","-0,05","-0,53%","2,39M","22/10"
"Formet Çelik Kapı","3,98","4,06","3,98","-0,02","-0,50%","38,89M","22/10"
"Sumaş Suni Tahta","291,00","299,75","289,00","0,75","0,26%","3,56K","22/10"
"Smartiks Yazılım","24,20","24,70","24,00","-0,08","-0,33%","672,03K","22/10"
"CEO Event Medya","24,70","25,84","24,70","-1,10","-4,26%","2,04M","22/10"
"Derluks Yatırım Holding","16,20","16,44","16,11","-0,04","-0,25%","8,18M","22/10"
"Naturel Yenilenebilir Enerji","8,46","8,62","8,45","-0,09","-1,05%","5,01M","22/10"
"Yükselen Çelik","5,95","6,00","5,85","0,10","1,71%","7,98M","22/10"
"Papilon Savunma","15,28","16,02","15,24","0,07","0,46%","10,47M","22/10"
"Ard Grup","24,94","25,18","24,72","0,06","0,24%","2M","22/10"
"Albaraka Portföy GYO","1.500,00","1.500,00","1.500,00","0,00","0,00%","3","21/10"
"Aktif Portföy Yönetimi GYF","5.325,00","5.325,00","5.325,00","0,00","0,00%","1","16/10"
"Qinvest Portföy","6.300,00","6.300,00","6.300,00","0,00","0,00%","0","29/09"
"Re-Pie Portföy Yön. Avrasya Stratejik GYF","6.837,00","6.837,00","6.837,00","0,00","0,00%","1","16/10"
"Bayrak","34,46","35,40","34,44","-0,34","-0,98%","2,2M","22/10"
"Fade Gıda A.Ş","14,42","14,68","14,37","0,05","0,35%","646,23K","22/10"
"Albaraka Portföy Dükkan GYF","9.000,00","9.000,00","9.000,00","0,00","0,00%","0","30/09"
"Albaraka One Tower GYF","4.150,00","4.150,00","4.150,00","0,00","0,00%","0","30/09"
"Dinamik Isi Makina Yalitim Malzemeleri","22,00","22,96","21,98","-0,42","-1,87%","1,14M","22/10"
"Esenboğa Elektrik","14,64","16,00","14,64","-1,62","-9,96%","26,99M","22/10"
"Kontrolmatik Teknoloji","28,60","29,44","28,58","-0,58","-1,99%","26,64M","22/10"
"Kervan Gıda","2,52","2,59","2,47","0,01","0,40%","19,28M","22/10"
"Arzum Elektrikli Ev Aletleri San.","2,93","2,99","2,92","-0,02","-0,68%","14,47M","22/10"
"Işık Plastik","9,40","9,50","8,95","0,52","5,86%","10,94M","22/10"
"Albaraka Start-Up Girişim YF","7.600,00","7.600,00","7.500,00","0,00","0,00%","20","15/10"
"Fiba Portfoy Yonetimi AS","6.072,00","6.072,00","6.072,00","0,00","0,00%","0","01/10"
"Türk İlaç","20,42","20,78","20,40","-0,06","-0,29%","1,94M","22/10"
"Naturelgaz Sanayi","10,04","10,10","9,65","0,33","3,40%","9,6M","22/10"
"Tureks Turizm","7,61","7,72","7,61","-0,02","-0,26%","19,72M","22/10"
"Qua Granite Hayal Yapı ve Ürünleri","9,14","9,28","8,89","0,28","3,16%","29,72M","22/10"
"Matriks Bilgi","29,00","29,20","27,50","1,76","6,46%","3,75M","22/10"
"Galata Wind Enerji","24,38","25,04","24,18","0,08","0,33%","4,58M","22/10"
"Biotrend Yatırım","23,22","24,10","23,10","-0,36","-1,53%","1,81M","22/10"
"Aydem Enerji","18,05","18,34","18,00","0,05","0,28%","2,39M","22/10"
"Can2 Termik","2,16","2,16","1,97","0,19","9,64%","881,22M","22/10"
"Ziraat GYO","22,30","22,80","22,08","0,20","0,90%","486,43K","22/10"
"Kalekim Kimyevi Maddeler San.","33,00","34,00","33,00","-0,80","-2,37%","1,68M","22/10"
"Penta Teknoloji","14,36","14,72","14,36","-0,14","-0,97%","2,13M","22/10"
"Mercan Kimya Sanayi","30,96","34,60","30,96","-3,44","-10,00%","13,6M","22/10"
"Atp Ticari Bilgisayar Ağı ve Elektrik","128,50","129,70","126,60","-0,10","-0,08%","647,58K","22/10"
"BMS Çelik","17,58","17,73","16,72","0,78","4,64%","3,91M","22/10"
"Boğaziçi Beton","18,90","18,93","18,50","0,50","2,72%","3,27M","22/10"
"Ünlü Yatırım","14,16","14,50","14,03","0,00","0,00%","1,25M","22/10"
"Başkent Doğalgaz Dağıtım Gayrimenkul","40,48","40,50","38,44","2,12","5,53%","1,51M","22/10"
"Oyak Yatırım","52,55","54,05","52,25","-0,95","-1,78%","472,04K","22/10"
"E-Data Teknoloji","5,22","5,32","5,17","-0,12","-2,25%","8,45M","22/10"
"Kütahya Şeker Fabrikası","72,45","72,70","71,20","1,40","1,97%","273,62K","22/10"
"Selva Gıda","3,12","3,19","3,04","-0,06","-1,89%","12,33M","22/10"
"VBT Yazılım","17,80","18,29","17,69","-0,01","-0,06%","872,06K","22/10"
"Escar Turizm Taşımacılık","19,99","20,60","19,85","-0,43","-2,11%","9,05M","22/10"
"Meditera Tıbbi Malzeme Sanayi","29,52","30,12","29,50","0,02","0,07%","548,73K","22/10"
"Manas Enerji Yönetimi San.","7,11","7,11","6,43","0,64","9,89%","30,03M","22/10"
"Gen İlaç ve Sağlık Ürünleri","187,30","193,50","185,30","-3,80","-1,99%","1,18M","22/10"
"Kızılbük GYO","15,43","16,13","15,42","-0,48","-3,02%","13,39M","22/10"
"Birleşim Mühendislik Isıtma Soğutma","14,07","14,22","13,95","0,07","0,50%","2,41M","22/10"
"Girişim Elektrik","43,12","43,48","42,86","0,24","0,56%","2,35M","22/10"
"Nasmed Özel Sağlık Hizmetleri","7,70","7,84","7,59","0,09","1,18%","3,1M","22/10"
"Orçay Ortaköy Çay San. ve Tic.","9,14","9,65","8,73","0,18","2,01%","1,11M","22/10"
"YEO Teknoloji Enerji","32,78","33,34","32,78","-0,22","-0,67%","2,36M","22/10"
"Europap Tezol Kağıt Sanayi","12,65","13,03","12,61","-0,08","-0,63%","2,42M","22/10"
"Ersan Alışveriş Hizmetleri ve Gıda San.","13,58","13,75","13,35","0,21","1,57%","946,43K","22/10"
"Margün Enerji","25,02","25,60","24,80","-0,36","-1,42%","3,37M","22/10"
"Anatolia Tanı ve Biyoteknoloji Ürünleri","11,51","11,65","11,45","0,07","0,61%","2,43M","22/10"
"Hedef Holding A.Ş.","94,70","94,70","85,00","6,35","7,19%","20,64M","22/10"
"Gelecek Varlık Yönetimi A.Ş.","65,90","67,20","65,90","-0,60","-0,90%","476,58K","22/10"
"İhlas Haber Ajansı","31,54","33,96","30,42","-1,54","-4,66%","1,56M","22/10"
"Ulusal Faktoring","3,85","3,93","3,70","0,13","3,49%","33,2M","22/10"
"Doğu Aras Enerji","52,05","53,25","51,80","0,50","0,97%","162,52K","22/10"
"Elite Naturel Organik Gıda","32,16","32,64","32,02","-0,06","-0,19%","689,71K","22/10"
"İşbir Sentetik Dokuma Sanayi","7,71","7,85","7,66","-0,04","-0,52%","1,21M","22/10"
"Gimat Mağazacılık","42,98","43,62","41,74","0,66","1,56%","1,67M","22/10"
"Mia Teknoloji","38,30","40,04","38,30","-1,46","-3,67%","18,72M","22/10"
"Konya Kağıt","50,60","51,80","50,30","-0,80","-1,56%","983,02K","22/10"
"Mobiltel İletişim Hizmetleri","7,30","7,55","7,29","-0,05","-0,68%","5,62M","22/10"
"PC İletişim ve Medya Hizmetleri","19,69","19,93","19,41","0,29","1,49%","1,15M","22/10"
"Rainbow Polikarbonat San. Tic.","36,92","38,24","36,52","-0,84","-2,22%","318,54K","22/10"
"Pasifik GYO","3,26","3,26","2,94","0,29","9,76%","615,25M","22/10"
"Erciyas Çelik Boru","73,05","75,00","72,95","-0,90","-1,22%","227K","22/10"
"Panelsan Çatı Cephe Sistemleri","38,32","38,84","38,06","0,28","0,74%","347,97K","22/10"
"Hun Yenilenebilir Enerji","3,55","3,64","3,54","-0,05","-1,39%","14,99M","22/10"
"DAP Gayrimenkul","12,99","13,19","12,45","0,44","3,51%","29,4M","22/10"
"Investco Holding","251,00","267,50","240,10","5,50","2,24%","680,8K","22/10"
"Hitit Bilgisayar Hizmetleri","45,74","46,10","45,44","-0,08","-0,17%","500,25K","22/10"
"Koleksiyon Mobilya","5,53","6,00","5,46","-0,14","-2,47%","19,72M","22/10"
"Gezinomi Seyahat","250,25","260,00","250,25","-7,75","-3,00%","294,92K","22/10"
"GÜR-SEL Turizm Taşımacılık","342,75","345,75","333,50","8,75","2,62%","851,73K","22/10"
"Ensari Deri Gıda Sanayi","114,70","114,70","101,60","10,40","9,97%","519,21K","22/10"
"Smart Güneş Enerjisi","26,40","27,00","26,26","-0,42","-1,57%","2,22M","22/10"
"LDR Turizm A.Ş.","61,20","63,70","61,20","-1,80","-2,86%","591,01K","22/10"
"Suwen Tekstil","10,10","10,28","10,06","0,05","0,50%","4,91M","22/10"
"Consus Enerji İşletmeciliği","3,13","3,20","3,12","0,00","0,00%","6,16M","22/10"
"BMS Birleşik Metal Sanayi","63,25","65,70","63,25","0,30","0,48%","1,23M","22/10"
"Kimteks Poliüretan","16,31","16,89","16,24","-0,20","-1,21%","1,83M","22/10"
"İmaş Makina Sanayi","4,07","4,24","4,07","0,01","0,25%","51,55M","22/10"
"Yayla Agro Gıda Sanayi","9,93","9,98","9,73","0,23","2,37%","5,01M","22/10"
"Sun Tekstil","35,52","36,38","34,10","0,26","0,74%","7,4M","22/10"
"Şeker GYO","4,60","4,60","4,18","0,41","9,79%","28,83M","22/10"
"Europen Endüstri İnşaat","8,65","8,71","8,16","0,25","2,98%","52,5M","22/10"
"Pardus Girişim Sermayesi Yatırım","6,11","6,18","6,03","0,04","0,66%","1,54M","22/10"
"Makim Makina Teknolojileri","16,61","16,90","16,48","-0,03","-0,18%","824,63K","22/10"
"Kocaer Çelik","12,82","13,03","12,59","0,22","1,75%","7,16M","22/10"
"Rubenis Tekstil","19,48","19,70","19,21","0,15","0,78%","703,99K","22/10"
"Kiler Holding","163,80","166,60","158,10","0,70","0,43%","3,02M","22/10"
"Koroplast Temizlik Ambalaj","8,74","9,20","8,74","-0,36","-3,96%","2,77M","22/10"
"Obase Bilgisayar ve Danışmanlık","36,20","36,28","35,12","0,92","2,61%","304,61K","22/10"
"Barem Ambalaj Sanayi Ve Ticaret AS","19,37","19,60","18,85","0,41","2,16%","3,06M","22/10"
"Aztek Teknoloji Ürünleri","53,15","58,00","53,15","-2,95","-5,26%","3,36M","22/10"
"Hidropar Hareket Kontrol Teknolojileri","11,67","11,87","11,58","0,07","0,60%","2,18M","22/10"
"Aura Portfoy Yonetimi AS","3.200,00","3.200,00","3.200,00","0,00","0,00%","0","29/07"
"Albaraka Portföy GYO","2.587,00","2.587,00","2.587,00","3,00","0,12%","1","22/10"
"Alfa Solar Enerji","41,38","41,76","41,16","0,28","0,68%","856,82K","22/10"
"Darphane Altın Sertifikası","68,96","72,58","68,96","-3,62","-4,99%","51,86M","22/10"
"Sanica Isı Sanayi","4,87","5,08","4,83","-0,12","-2,40%","15,97M","22/10"
"Özsu Balık Üretim","17,84","18,20","17,58","0,25","1,42%","855K","22/10"
"Platform Turizm Taşımacılık Gıda","24,36","25,00","24,30","-0,26","-1,06%","2,14M","22/10"
"Birikim Varlık Yönetim","77,35","83,30","77,35","-3,80","-4,68%","1,35M","22/10"
"Aura Portfoy Yonetimi AS","34.100,00","34.100,00","34.100,00","0,00","0,00%","1","20/10"
"Ahlatcı Doğal Gaz Dağıtım Enerji","24,92","24,94","24,34","0,20","0,81%","4,34M","22/10"
"Tera Yatırım Menkul Değerler","901,00","928,00","901,00","-11,50","-1,26%","1,95M","22/10"
"EYG GYO","4,65","4,67","4,58","0,04","0,87%","14,88M","22/10"
"Oncosem Onkolojik Sistemler","170,10","182,00","168,70","-4,90","-2,80%","1,32M","22/10"
"SDT Uzay ve Savunma Teknolojileri","177,50","183,30","177,50","-0,80","-0,45%","1,22M","22/10"
"Söke Değirmencilik Sanayi","11,23","11,29","11,13","0,11","0,99%","908,18K","22/10"
"Tapdi Oksijen Özel Sağlık ve Eğitim Hiz.","21,60","22,50","21,56","-0,22","-1,01%","1,58M","22/10"
"Astor Enerji","94,20","97,00","94,15","-1,55","-1,62%","14,31M","22/10"
"Maçkolik İnternet Hizmetleri","42,44","43,18","41,42","0,58","1,39%","960,82K","22/10"
"Bülbüloğlu Vinç","125,00","132,40","124,50","-6,20","-4,73%","1,59M","22/10"
"Göknur Gıda","21,48","21,90","21,48","0,00","0,00%","2,67M","22/10"
"Akfen Yenilenebilir Enerji","16,87","17,00","16,77","0,08","0,48%","4,4M","22/10"
"Eksun Gıda","6,11","6,19","6,06","0,02","0,33%","1,38M","22/10"
"Tera Portfoy Yonetimi AS","4.181,00","4.181,00","4.181,00","0,00","0,00%","0","27/12"
"Koza Polyester","6,29","6,41","6,20","-0,04","-0,63%","6,41M","22/10"
"Cvk Maden İşletmeleri","19,78","20,16","19,21","0,17","0,87%","44,1M","22/10"
"Europower Enerji","26,02","26,26","25,70","-0,08","-0,31%","4,8M","22/10"
"Grainturk Holding AS","581,00","613,00","571,50","-28,00","-4,60%","374K","22/10"
"Cw Enerji Mühendislik","23,48","24,12","23,28","-0,22","-0,93%","14,89M","22/10"
"Büyük Şefler (Big Chefs)","59,10","61,05","57,95","-0,05","-0,08%","205,56K","22/10"
"Bien Yapı Ürünleri","40,00","40,54","39,68","0,00","0,00%","3,56M","22/10"
"Kayseri Şeker Fabrikası","17,80","17,83","17,53","0,32","1,83%","2,26M","22/10"
"Katılımevim Tasarruf","12,80","13,76","12,80","-0,24","-1,84%","81,08M","22/10"
"Pasifik Eurasia Lojistik","145,40","152,70","145,40","-4,40","-2,94%","3,9M","22/10"
"A1 Capital Yatırım","11,99","12,42","11,81","-0,10","-0,83%","20,81M","22/10"
"Forte Bilgi İletişim","72,90","74,20","70,60","1,45","2,03%","1,81M","22/10"
"Atakey Patates","53,05","53,05","50,55","1,60","3,11%","1,05M","22/10"
"Kaleseramik","28,84","29,32","28,60","-0,24","-0,83%","793,53K","22/10"
"Fuzul Gayrimenkul","14,55","14,72","14,33","0,22","1,54%","13,7M","22/10"
"Asce Gayrimenkul","11,28","11,63","11,04","0,24","2,17%","6,51M","22/10"
"İzdemir Enerji","8,36","8,39","8,13","0,06","0,72%","12,53M","22/10"
"Ofis Yem Gıda","75,75","81,20","73,60","-4,85","-6,02%","5,34M","22/10"
"Tatlıpınar Enerji","80,00","82,00","79,85","-0,35","-0,44%","1,08M","22/10"
"Baydöner Restoranları","20,12","20,50","19,92","-0,08","-0,40%","241,8K","22/10"
"Enerya Enerji","9,18","9,33","9,08","-0,08","-0,86%","22,57M","22/10"
"Kuzugrup Gayrimenkul","25,06","26,04","24,64","0,06","0,24%","5,99M","22/10"
"Ebebek Mağazacılık","55,75","56,00","54,20","1,45","2,67%","626,79K","22/10"
"Tera Portfoy Yonetimi AS","1.551,50","1.551,50","1.551,50","0,00","0,00%","0","26/01"
"Tarkim Bitki Koruma","393,25","402,00","392,50","-2,75","-0,69%","204,71K","22/10"
"Gıpta Ofis Kırtasiye","121,50","125,20","117,40","-2,00","-1,62%","2,32M","22/10"
"Reeder Teknoloji","9,93","10,01","9,90","0,03","0,30%","17,14M","22/10"
"Hat-San Gemi İnşaa","47,00","48,20","46,90","-0,80","-1,67%","1,28M","22/10"
"Adra Gayrimenkul","47,16","48,16","46,78","-0,04","-0,08%","786,4K","22/10"
"Dmr Unlu Mamuller","25,20","26,20","25,20","-0,70","-2,70%","1,88M","22/10"
"Meka Beton Santralleri","4,81","5,08","4,80","-0,17","-3,41%","15,74M","22/10"
"Dofer Yapı Malzemeleri","63,30","65,00","61,60","0,25","0,40%","2,8M","22/10"
"Mhr Gayrimenkul","3,71","3,76","3,63","0,08","2,20%","6,02M","22/10"
"Borlease Otomotiv","26,30","27,06","26,24","-0,20","-0,75%","1,84M","22/10"
"Tab Gıda","241,80","245,70","241,80","-1,20","-0,49%","612,55K","22/10"
"Vera Konsept Gayrimenkul","3,13","3,25","3,09","0,05","1,62%","36,93M","22/10"
"Tureks Turunç Madencilik","13,23","13,47","13,13","-0,02","-0,15%","1,92M","22/10"
"1000 Yatırımlar Holding","9,83","9,83","8,96","0,89","9,96%","72,9M","22/10"
"Ekos Teknoloji","25,10","25,84","25,02","-0,46","-1,80%","4,72M","22/10"
"Agrotech Teknoloji","7,24","7,32","7,23","-0,03","-0,41%","7,86M","22/10"
"Şeker Yatırım","13,05","13,42","13,03","-0,24","-1,81%","3,1M","22/10"
"Çates Elektrik","32,00","32,10","31,00","0,96","3,09%","809,2K","22/10"
"Batı Ege GYO","5,06","5,19","5,04","-0,06","-1,17%","20,15M","22/10"
"Albaraka Portfoy Yonetimi AS","3.600,00","3.600,00","3.600,00","0,00","0,00%","0","30/09"
"Albaraka Portfoy Yonetimi AS","3.069,00","3.072,00","3.069,00","-341,00","-10,00%","54","22/10"
"Kuzey Boru","13,23","13,66","13,23","-0,21","-1,56%","6,47M","22/10"
"Mega Metal","34,84","35,58","33,56","0,64","1,87%","6,29M","22/10"
"Sur Tatil GYO","44,56","45,16","44,04","0,10","0,22%","2,38M","22/10"
"Avrupakent GYO","56,85","57,55","56,80","-0,35","-0,61%","591,47K","22/10"
"PASİFİK TEKNOLOJİ A.Ş.","28,24","28,74","27,00","1,34","4,98%","31,57M","22/10"
"Bor Şeker","22,44","22,92","22,44","-0,24","-1,06%","1,46M","22/10"
"Limak Doğu Anadolu","24,20","24,64","24,16","0,02","0,08%","4,48M","22/10"
"Alves Kablo","28,88","29,42","28,80","-0,30","-1,03%","2,86M","22/10"
"Oba Makarna","44,26","44,54","42,48","1,18","2,74%","4,98M","22/10"
"Artemis Halı","51,00","54,35","50,50","-0,50","-0,97%","3,66M","22/10"
"Mogan Enerji","8,96","9,06","8,91","0,04","0,45%","3,62M","22/10"
"Odine Teknoloji","200,00","200,70","194,90","1,00","0,50%","788,52K","22/10"
"Ic Enterra","10,13","10,39","10,13","-0,03","-0,30%","6,45M","22/10"
"Rönesans GYO","149,30","151,10","147,90","-0,70","-0,47%","542,47K","22/10"
"Lila Kağıt","28,40","28,70","28,04","0,06","0,21%","2,95M","22/10"
"Koton Mağazacılık","17,33","17,67","17,33","-0,03","-0,17%","1,4M","22/10"
"Altınay Savunma","61,70","63,50","60,75","-0,30","-0,48%","9,05M","22/10"
"Koç Metalurji","2,63","2,74","2,61","-0,07","-2,59%","25,27M","22/10"
"Hareket Proje Taşımacılığı","73,65","75,05","71,75","2,00","2,79%","1,08M","22/10"
"Onur Yüksek Teknoloji","79,70","80,95","76,75","3,40","4,46%","861,95K","22/10"
"Özyaşar Tel","32,88","33,30","31,94","0,18","0,55%","1,27M","22/10"
"Altınkılıç Gıda","87,90","96,50","84,60","-6,09","-6,48%","6,31M","22/10"
"Yiğit Akü","24,14","24,70","24,04","-0,16","-0,66%","2,09M","22/10"
"Horoz Lojistik","67,10","68,85","65,55","1,10","1,67%","2,77M","22/10"
"Seğmen Kardeşler","21,10","21,54","21,06","-0,04","-0,19%","1,1M","22/10"
"Efor Çay","137,20","139,00","134,00","2,60","1,93%","1,42M","22/10"
"Dct Trading","29,88","30,98","29,86","-0,88","-2,86%","2,59M","22/10"
"Bahadır Kimya","55,85","58,55","55,20","-1,20","-2,10%","1,31M","22/10"
"Kıraç Galvaniz","44,50","45,00","43,16","1,00","2,30%","909,19K","22/10"
"Gündoğdu Gıda","91,10","99,65","89,50","0,50","0,55%","20,21M","22/10"
"Ahes GYO","42,66","43,56","42,10","-0,16","-0,37%","1,02M","22/10"
"Özata Denizcilik","225,00","226,10","218,70","2,00","0,90%","306,79K","22/10"
"Cem Zeytin","41,00","41,90","39,60","1,42","3,59%","5,11M","22/10"
"Durukan Sekerleme Sanayi ve","14,95","15,20","14,94","-0,08","-0,53%","1,44M","22/10"
"Bin Ulasim ve Akilli Sehir Teknolojileri AS","156,20","156,20","142,80","14,20","10,00%","2,75M","22/10"
"Re Pie Portfoy Yonetimi AS","6,15","6,15","6,15","0,00","0,00%","1","21/10"
"Re Pie Portfoy Yonetimi AS","2.539,00","2.539,00","2.300,50","-17,00","-0,67%","25","22/10"
"Cagdas Cam Sanayi ve Ticaret AS","35,24","35,50","32,52","2,54","7,77%","10,81M","22/10"
"Sumer Varlik Yonetim AS","360,00","370,00","358,50","-1,25","-0,35%","2,34M","22/10"
"Albaraka Portföy GYO","1.941,00","1.941,00","1.941,00","0,00","0,00%","0","30/06"
"Armada Gida Ticaret Sanayi Anonim","37,04","37,82","36,72","0,04","0,11%","2,88M","22/10"
"Egeyapi Avrupa Gayrimenkul Yatirim Ortakligi AS","25,04","25,08","24,32","0,72","2,96%","698,71K","22/10"
"Gulermak Agir Sanayi Insaat ve Taahhut AS","184,50","187,60","184,00","0,00","0,00%","1,6M","22/10"
"Akfen Insaat Turizm ve Ticaret AS","24,38","24,38","22,06","2,20","9,92%","12,45M","22/10"
"Mopas Marketcilik","34,78","35,88","34,78","-0,80","-2,25%","4,77M","22/10"
"Destek Finans Faktoring","548,00","563,00","536,50","10,50","1,95%","2,3M","22/10"
"Seranit Granit Seramik Sanayi ve Ticaret AS","10,00","10,13","9,87","0,00","0,00%","6,39M","22/10"
"Birleşim Grup Enerji A.Ş","10,25","10,39","10,25","-0,05","-0,49%","7,24M","22/10"
"Visne Madencilik Uretim","128,20","132,80","127,10","1,40","1,10%","5,56M","22/10"
"Enda Enerji Holding As","15,79","16,06","15,61","0,19","1,22%","2,13M","22/10"
"Kalyon Gunes Teknolojileri Uretim","60,30","61,15","59,55","-0,30","-0,50%","1,28M","22/10"
"Balsu Gida Sanayi ve Ticaret AS","20,52","20,96","20,02","0,32","1,58%","3,57M","22/10"
"Bulls Girisim Sermayesi Yatirim","34,00","34,28","32,90","0,68","2,04%","6,5M","22/10"
"A1 Yenilenebilir Enerji Uretim AS","28,00","28,48","27,76","0,32","1,16%","1,23M","22/10"
"Tera Yatirim Teknoloji Holding AS","38,72","38,72","36,10","3,52","10,00%","118,26M","22/10"
"Emlak Konut Damla Kent GMS","5,99","6,03","5,99","-0,02","-0,33%","12,08M","22/10"
"Hedef Portfoy Yonetimi AS","234,95","234,95","234,95","21,35","10,00%","101","22/10"
"Ft Gayrimenkul ve Girisim","1.745,00","1.745,00","1.602,00","-35,00","-1,97%","415","22/10"
"Dof Robotik Sanayi AS","98,50","112,00","94,00","-5,90","-5,65%","8,79M","22/10"
"Marmara Holding AS","3,62","3,85","3,26","0,00","0,00%","130,97M","22/10"
"Hedef Portfoy Yonetimi AS","2,13","2,13","2,13","0,19","9,79%","10","22/10"